{"stats":{"minecraft:custom":{"minecraft:inspect_dropper":1,"minecraft:mob_kills":27,"minecraft:open_shulker_box":2,"minecraft:leave_game":39,"minecraft:time_since_death":157967,"minecraft:sprint_one_cm":2787389,"minecraft:walk_one_cm":2506444,"minecraft:drop":424,"minecraft:deaths":9,"minecraft:sneak_time":110260,"minecraft:walk_under_water_one_cm":628,"minecraft:jump":2274,"minecraft:walk_on_water_one_cm":673,"minecraft:play_one_minute":2472351,"minecraft:pot_flower":2,"minecraft:time_since_rest":158001,"minecraft:damage_taken":4121,"minecraft:damage_absorbed":220,"minecraft:damage_dealt":208,"minecraft:fly_one_cm":30413503,"minecraft:crouch_one_cm":206600,"minecraft:aviate_one_cm":1938250,"minecraft:fall_one_cm":100487,"minecraft:horse_one_cm":695982},"minecraft:killed":{"minecraft:skeleton_horse":1,"minecraft:magma_cube":14,"minecraft:iron_golem":1,"minecraft:villager":9},"minecraft:used":{"minecraft:trident":108,"minecraft:jungle_leaves":1,"minecraft:flint_and_steel":57,"minecraft:white_tulip":1,"minecraft:carrot_on_a_stick":11,"minecraft:poppy":6,"minecraft:spruce_leaves":19,"minecraft:lily_of_the_valley":3,"minecraft:white_carpet":11,"minecraft:brick_slab":2,"minecraft:allium":4,"minecraft:golden_shovel":210,"minecraft:azure_bluet":11,"minecraft:wooden_axe":3,"minecraft:bricks":6,"minecraft:red_tulip":6,"minecraft:quartz_pillar":111,"minecraft:iron_block":12,"minecraft:blue_orchid":2,"minecraft:dark_oak_leaves":5,"minecraft:blue_banner":40,"minecraft:item_frame":6,"minecraft:glowstone":1,"minecraft:bow":101,"minecraft:oak_sapling":12,"minecraft:water_bucket":6,"minecraft:pink_tulip":2,"minecraft:birch_leaves":16,"minecraft:orange_tulip":4,"minecraft:ender_pearl":22,"minecraft:oak_leaves":20,"minecraft:crossbow":38,"minecraft:acacia_leaves":15,"minecraft:dark_oak_door":4,"minecraft:cornflower":4,"minecraft:oxeye_daisy":9,"minecraft:firework_rocket":27,"minecraft:map":70,"minecraft:fishing_rod":7,"minecraft:smooth_stone_slab":10,"minecraft:wither_rose":2,"minecraft:air":38829,"minecraft:dandelion":6,"minecraft:bone_meal":85,"minecraft:splash_potion":89},"minecraft:dropped":{"minecraft:wheat_seeds":8,"minecraft:oak_log":6,"minecraft:tnt":25,"minecraft:light_gray_stained_glass_pane":2,"minecraft:crossbow":6,"minecraft:end_stone_brick_slab":2,"minecraft:lime_terracotta":1,"minecraft:prismarine_brick_stairs":1,"minecraft:jungle_planks":1,"minecraft:quartz_pillar":65,"minecraft:black_banner":1,"minecraft:grass_block":25,"minecraft:stick":2,"minecraft:item_frame":2,"minecraft:polished_andesite":2,"minecraft:spruce_leaves":3,"minecraft:oxeye_daisy":64,"minecraft:cyan_terracotta":5,"minecraft:cobweb":1,"minecraft:iron_block":3,"minecraft:dirt":5,"minecraft:dark_oak_leaves":4,"minecraft:stone_button":1,"minecraft:dark_oak_fence":1,"minecraft:torch":2,"minecraft:cornflower":1,"minecraft:wooden_axe":25,"minecraft:white_concrete":1,"minecraft:cut_sandstone":5,"minecraft:iron_door":4,"minecraft:map":332,"minecraft:bone_meal":7,"minecraft:black_concrete":1,"minecraft:smooth_stone":15,"minecraft:acacia_door":1,"minecraft:smooth_sandstone":3,"minecraft:fishing_rod":1,"minecraft:black_stained_glass":2,"minecraft:end_crystal":1,"minecraft:spruce_sapling":1,"minecraft:dandelion":5,"minecraft:oak_door":2,"minecraft:gravel":3,"minecraft:dark_oak_door":9,"minecraft:farmland":1,"minecraft:yellow_concrete_powder":1,"minecraft:nether_brick_slab":6,"minecraft:bricks":79,"minecraft:brick_wall":1,"minecraft:player_head":1,"minecraft:polished_andesite_slab":3,"minecraft:coarse_dirt":3,"minecraft:infested_chiseled_stone_bricks":1,"minecraft:smooth_stone_slab":9,"minecraft:smooth_sandstone_stairs":1,"minecraft:wheat":1,"minecraft:tall_grass":1,"minecraft:grass_path":4,"minecraft:prismarine":1,"minecraft:stone_slab":2,"minecraft:end_stone_brick_wall":1,"minecraft:nether_bricks":1,"minecraft:glass_pane":11,"minecraft:flint_and_steel":2,"minecraft:filled_map":94,"minecraft:sandstone_wall":1,"minecraft:stone":9,"minecraft:stone_brick_wall":1,"minecraft:glowstone":6,"minecraft:blue_banner":1,"minecraft:fire_coral":1,"minecraft:dead_fire_coral":1,"minecraft:birch_door":3,"minecraft:oak_sapling":7,"minecraft:stone_bricks":2,"minecraft:spruce_log":1,"minecraft:iron_bars":4,"minecraft:end_stone_bricks":4,"minecraft:glass":1,"minecraft:bell":1,"minecraft:white_concrete_powder":7,"minecraft:brick_slab":66,"minecraft:oak_leaves":6,"minecraft:light_blue_bed":1,"minecraft:quartz_slab":3,"minecraft:firework_rocket":18},"minecraft:mined":{"minecraft:oak_sapling":1,"minecraft:tnt":1},"minecraft:picked_up":{"minecraft:wooden_axe":17,"minecraft:spruce_leaves":1,"minecraft:coarse_dirt":2,"minecraft:wheat":1,"minecraft:azure_bluet":2,"minecraft:stone_slab":1,"minecraft:cornflower":2,"minecraft:acacia_door":2,"minecraft:smooth_stone_slab":5,"minecraft:item_frame":4,"minecraft:white_carpet":8,"minecraft:cyan_carpet":11,"minecraft:glass_pane":1,"minecraft:dark_oak_leaves":1,"minecraft:poppy":2,"minecraft:dark_oak_door":4,"minecraft:stick":1,"minecraft:oak_door":2,"minecraft:torch":2,"minecraft:golden_axe":3,"minecraft:dark_oak_planks":5,"minecraft:tnt":23,"minecraft:shears":2,"minecraft:glowstone":2,"minecraft:saddle":1,"minecraft:leather_horse_armor":1,"minecraft:iron_bars":1,"minecraft:cobblestone":2,"minecraft:oxeye_daisy":1,"minecraft:cut_sandstone":1,"minecraft:filled_map":19,"minecraft:oak_log":1,"minecraft:stripped_spruce_wood":2,"minecraft:map":1,"minecraft:dirt":2,"minecraft:smooth_sandstone":1,"minecraft:wheat_seeds":20,"minecraft:bell":1,"minecraft:iron_ingot":4,"minecraft:polished_andesite_slab":8,"minecraft:dandelion":5,"minecraft:grass_path":2,"minecraft:jungle_planks":1,"minecraft:brick_slab":1,"minecraft:white_concrete_powder":1,"minecraft:blue_banner":1,"minecraft:oak_sapling":7,"minecraft:bricks":1}},"DataVersion":1963}