{"stats":{"minecraft:used":{"minecraft:light_blue_banner":135,"minecraft:nether_brick_fence":65,"minecraft:light_gray_stained_glass_pane":76,"minecraft:dead_horn_coral_block":1,"minecraft:red_sandstone_slab":24,"minecraft:spruce_slab":364,"minecraft:poppy":6,"minecraft:bone_block":321,"minecraft:ladder":22,"minecraft:oak_sign":340,"minecraft:white_concrete_powder":590,"minecraft:chest":38,"minecraft:white_terracotta":298,"minecraft:stone":5067,"minecraft:stripped_jungle_wood":39,"minecraft:quartz_stairs":40,"minecraft:grass":71,"minecraft:spruce_leaves":189,"minecraft:brick_slab":291,"minecraft:jungle_planks":2476,"minecraft:nether_bricks":83,"minecraft:prismarine_brick_stairs":11,"minecraft:jungle_slab":284,"minecraft:allium":6,"minecraft:pink_terracotta":1,"minecraft:cyan_wool":731,"minecraft:snowball":7,"minecraft:azure_bluet":7,"minecraft:stripped_spruce_log":50,"minecraft:glass":421,"minecraft:cyan_terracotta":4948,"minecraft:lava_bucket":72,"minecraft:bricks":20218,"minecraft:quartz_pillar":5473,"minecraft:villager_spawn_egg":23,"minecraft:quartz_slab":2689,"minecraft:red_wool":12,"minecraft:black_stained_glass_pane":100,"minecraft:grass_block":7281,"minecraft:green_wool":41,"minecraft:quartz_block":25,"minecraft:dark_oak_leaves":81,"minecraft:light_blue_bed":4,"minecraft:dark_oak_slab":2440,"minecraft:gray_concrete_powder":10,"minecraft:stone_brick_stairs":1640,"minecraft:stone_bricks":17,"minecraft:blue_banner":156,"minecraft:item_frame":3,"minecraft:bedrock":9,"minecraft:birch_trapdoor":5,"minecraft:red_carpet":20,"minecraft:redstone_lamp":4,"minecraft:snow":21,"minecraft:oak_sapling":278,"minecraft:furnace":1,"minecraft:gray_bed":3,"minecraft:acacia_fence":41,"minecraft:egg":95,"minecraft:pink_concrete_powder":2,"minecraft:large_fern":4,"minecraft:stripped_spruce_wood":3,"minecraft:dark_oak_sapling":5,"minecraft:dark_oak_stairs":380,"minecraft:diorite":86,"minecraft:end_rod":48,"minecraft:end_stone_bricks":855,"minecraft:spruce_door":8,"minecraft:dropper":3,"minecraft:stripped_acacia_log":1,"minecraft:birch_leaves":309,"minecraft:infested_stone":26,"minecraft:acacia_trapdoor":19,"minecraft:jungle_fence":109,"minecraft:oak_planks":2063,"minecraft:cactus":3,"minecraft:ender_pearl":1,"minecraft:sandstone":37,"minecraft:redstone_block":3,"minecraft:oak_leaves":1569,"minecraft:white_wool":56,"minecraft:dark_oak_trapdoor":128,"minecraft:sand":275,"minecraft:light_gray_terracotta":482,"minecraft:yellow_concrete":28,"minecraft:acacia_leaves":74,"minecraft:note_block":14,"minecraft:black_bed":6,"minecraft:black_concrete_powder":519,"minecraft:birch_fence":694,"minecraft:redstone_torch":79,"minecraft:sticky_piston":4,"minecraft:lever":8,"minecraft:green_concrete":1,"minecraft:red_sandstone":83,"minecraft:black_concrete":23,"minecraft:birch_fence_gate":3,"minecraft:daylight_detector":2,"minecraft:acacia_door":26,"minecraft:gray_stained_glass_pane":167,"minecraft:birch_slab":189,"minecraft:light_gray_concrete":74,"minecraft:heavy_weighted_pressure_plate":12,"minecraft:string":11,"minecraft:stone_button":2,"minecraft:cyan_carpet":4,"minecraft:red_terracotta":197,"minecraft:polished_granite":416,"minecraft:iron_door":20,"minecraft:gravel":417,"minecraft:diamond_sword":33,"minecraft:stripped_oak_wood":702,"minecraft:dark_oak_fence":182,"minecraft:white_stained_glass":247,"minecraft:green_concrete_powder":658,"minecraft:andesite":8,"minecraft:smooth_stone_slab":8382,"minecraft:oak_boat":3,"minecraft:white_concrete":46,"minecraft:air":4586,"minecraft:coarse_dirt":404,"minecraft:bone_meal":1828,"minecraft:cobweb":376,"minecraft:gray_stained_glass":22,"minecraft:oak_fence":370,"minecraft:oak_trapdoor":9,"minecraft:stripped_acacia_wood":4,"minecraft:petrified_oak_slab":7,"minecraft:trident":22,"minecraft:jungle_leaves":18,"minecraft:rose_bush":26,"minecraft:iron_bars":962,"minecraft:flint_and_steel":247,"minecraft:dead_tube_coral_block":1,"minecraft:acacia_log":138,"minecraft:dead_bush":3,"minecraft:white_tulip":5,"minecraft:armor_stand":2,"minecraft:spruce_planks":2564,"minecraft:stripped_birch_wood":31,"minecraft:netherrack":2,"minecraft:oak_door":74,"minecraft:orange_bed":3,"minecraft:torch":33,"minecraft:dirt":698,"minecraft:anvil":11,"minecraft:white_carpet":3,"minecraft:hopper":7,"minecraft:prismarine_bricks":5,"minecraft:spruce_stairs":4,"minecraft:cobblestone_wall":121,"minecraft:nether_brick_slab":787,"minecraft:granite":94,"minecraft:spruce_fence":117,"minecraft:nether_brick_stairs":381,"minecraft:oak_fence_gate":2,"minecraft:polished_diorite":111,"minecraft:fern":11,"minecraft:birch_door":79,"minecraft:stone_brick_slab":1443,"minecraft:brown_terracotta":77,"minecraft:dark_oak_planks":525,"minecraft:sea_lantern":2,"minecraft:bookshelf":8,"minecraft:iron_block":616,"minecraft:oak_stairs":61,"minecraft:brick_stairs":779,"minecraft:slime_block":4,"minecraft:smooth_sandstone":4539,"minecraft:smooth_quartz":1104,"minecraft:yellow_concrete_powder":627,"minecraft:light_gray_wool":1255,"minecraft:glowstone":154,"minecraft:black_stained_glass":74,"minecraft:tall_grass":2,"minecraft:magenta_terracotta":9,"minecraft:iron_trapdoor":231,"minecraft:white_stained_glass_pane":2,"minecraft:podzol":307,"minecraft:stone_pressure_plate":3,"minecraft:acacia_planks":29,"minecraft:observer":6,"minecraft:orange_terracotta":312,"minecraft:light_gray_bed":4,"minecraft:water_bucket":20,"minecraft:iron_ore":319,"minecraft:cobblestone_stairs":171,"minecraft:sandstone_stairs":6,"minecraft:prismarine_brick_slab":18,"minecraft:birch_planks":1540,"minecraft:lead":2,"minecraft:polished_andesite":316,"minecraft:red_nether_bricks":8,"minecraft:smooth_sandstone_slab":10,"minecraft:blue_wool":24,"minecraft:cut_sandstone":9,"minecraft:brown_mushroom":3,"minecraft:cauldron":26,"minecraft:beacon":8,"minecraft:cobblestone_slab":814,"minecraft:conduit":24,"minecraft:stripped_dark_oak_log":9,"minecraft:vine":383,"minecraft:oak_slab":836,"minecraft:tnt":390,"minecraft:crafting_table":3,"minecraft:red_bed":1,"minecraft:red_mushroom":13,"minecraft:campfire":5,"minecraft:white_bed":7,"minecraft:light_gray_concrete_powder":47,"minecraft:dark_oak_fence_gate":7,"minecraft:painting":71,"minecraft:spruce_log":36,"minecraft:mushroom_stem":86,"minecraft:dark_oak_door":70,"minecraft:oak_log":817,"minecraft:gray_terracotta":6,"minecraft:dark_prismarine":13,"minecraft:activator_rail":4,"minecraft:acacia_stairs":5,"minecraft:black_wool":21,"minecraft:sunflower":3,"minecraft:map":29,"minecraft:jungle_stairs":751,"minecraft:yellow_wool":105,"minecraft:acacia_fence_gate":1,"minecraft:green_carpet":23,"minecraft:purple_bed":5,"minecraft:white_banner":115,"minecraft:sandstone_slab":9,"minecraft:jungle_door":66,"minecraft:red_banner":3,"minecraft:bucket":1,"minecraft:glass_pane":2900,"minecraft:yellow_bed":1,"minecraft:sea_pickle":32,"minecraft:stripped_oak_log":2,"minecraft:dandelion":8,"minecraft:gray_wool":22,"minecraft:smooth_stone":8846,"minecraft:brown_mushroom_block":4,"minecraft:jukebox":5},"minecraft:picked_up":{"minecraft:seagrass":1,"minecraft:birch_door":7,"minecraft:ender_chest":1,"minecraft:yellow_wool":64,"minecraft:lead":2,"minecraft:potion":1,"minecraft:stone_brick_stairs":1,"minecraft:cod_bucket":1,"minecraft:smooth_stone_slab":9,"minecraft:experience_bottle":60,"minecraft:oak_sign":9,"minecraft:sea_pickle":1,"minecraft:smooth_stone":2,"minecraft:redstone_torch":5,"minecraft:smooth_quartz":1,"minecraft:blue_wool":1,"minecraft:dark_oak_door":2,"minecraft:stick":1,"minecraft:jungle_door":13,"minecraft:torch":3,"minecraft:villager_spawn_egg":1,"minecraft:yellow_concrete_powder":1,"minecraft:brown_carpet":37,"minecraft:cactus":1,"minecraft:salmon_bucket":1,"minecraft:iron_block":2,"minecraft:cyan_terracotta":5,"minecraft:green_wool":1,"minecraft:leather_chestplate":1,"minecraft:acacia_leaves":1,"minecraft:dirt":266,"minecraft:name_tag":1,"minecraft:wheat_seeds":149,"minecraft:oak_planks":3,"minecraft:black_stained_glass_pane":2,"minecraft:grass_block":2,"minecraft:red_terracotta":1,"minecraft:dark_prismarine":1,"minecraft:polished_andesite":1,"minecraft:light_gray_terracotta":1,"minecraft:bone_meal":1,"minecraft:white_concrete":1,"minecraft:blue_banner":2,"minecraft:oak_sapling":23,"minecraft:dark_oak_fence":1,"minecraft:bricks":953,"minecraft:oak_leaves":1,"minecraft:allium":1,"minecraft:azure_bluet":1,"minecraft:ladder":3,"minecraft:heavy_weighted_pressure_plate":1,"minecraft:cornflower":4,"minecraft:acacia_door":2,"minecraft:quartz_slab":1,"minecraft:birch_fence":1,"minecraft:glass_pane":1,"minecraft:beef":2,"minecraft:player_head":1,"minecraft:observer":1,"minecraft:poppy":2,"minecraft:light_gray_wool":1,"minecraft:spruce_trapdoor":1,"minecraft:egg":5,"minecraft:stone":2,"minecraft:oak_door":3,"minecraft:spruce_fence":1,"minecraft:quartz_pillar":8,"minecraft:stone_button":1,"minecraft:trident":1,"minecraft:blue_carpet":1,"minecraft:tnt":1,"minecraft:jungle_stairs":2,"minecraft:saddle":2,"minecraft:mutton":1,"minecraft:white_wool":1,"minecraft:birch_leaves":1,"minecraft:leather":2,"minecraft:cut_sandstone":1,"minecraft:birch_planks":1,"minecraft:filled_map":1,"minecraft:oak_log":4,"minecraft:white_banner":4,"minecraft:podzol":1,"minecraft:smooth_sandstone":26,"minecraft:red_carpet":6,"minecraft:apple":3,"minecraft:pufferfish_bucket":1,"minecraft:green_dye":64,"minecraft:tropical_fish_bucket":1,"minecraft:oak_slab":2,"minecraft:prismarine_brick_stairs":1,"minecraft:dark_oak_slab":1,"minecraft:dandelion":1,"minecraft:spruce_door":2,"minecraft:brick_slab":2,"minecraft:polished_diorite":3,"minecraft:painting":1,"minecraft:gray_wool":2,"minecraft:black_wool":1},"minecraft:killed":{"minecraft:turtle":1,"minecraft:sheep":1,"minecraft:cow":1,"minecraft:horse":2,"minecraft:bat":16,"minecraft:villager":7},"minecraft:mined":{"minecraft:white_bed":3,"minecraft:orange_bed":1,"minecraft:red_bed":1,"minecraft:black_bed":3,"minecraft:light_blue_bed":1,"minecraft:gray_bed":2},"minecraft:dropped":{"minecraft:prismarine_brick_stairs":1,"minecraft:quartz_pillar":8,"minecraft:cyan_terracotta":4,"minecraft:dirt":64,"minecraft:birch_fence":1,"minecraft:black_stained_glass_pane":2,"minecraft:dark_oak_door":1,"minecraft:yellow_wool":64,"minecraft:blue_wool":1,"minecraft:trident":1,"minecraft:hopper":1,"minecraft:iron_bars":1,"minecraft:stone_brick_stairs":1,"minecraft:acacia_fence":1,"minecraft:birch_leaves":1,"minecraft:tnt":1,"minecraft:observer":1,"minecraft:grass_block":1,"minecraft:iron_block":1,"minecraft:gray_wool":1,"minecraft:iron_trapdoor":1,"minecraft:wooden_axe":1,"minecraft:smooth_quartz":1,"minecraft:smooth_stone":1,"minecraft:paper":17,"minecraft:acacia_planks":1,"minecraft:bricks":897,"minecraft:smooth_stone_slab":2,"minecraft:light_gray_wool":1,"minecraft:villager_spawn_egg":1,"minecraft:spruce_fence":1,"minecraft:acacia_leaves":1,"minecraft:red_terracotta":1,"minecraft:flint_and_steel":1,"minecraft:filled_map":14,"minecraft:stone":1,"minecraft:infested_stone":1,"minecraft:redstone_torch":2,"minecraft:brick_slab":1,"minecraft:magenta_terracotta":1},"minecraft:crafted":{"minecraft:leather_chestplate":1,"minecraft:leather_leggings":1,"minecraft:leather_boots":1,"minecraft:filled_map":13},"minecraft:custom":{"minecraft:interact_with_crafting_table":5,"minecraft:leave_game":76,"minecraft:time_since_death":2183858,"minecraft:sprint_one_cm":582570,"minecraft:drop":95,"minecraft:talked_to_villager":7,"minecraft:deaths":9,"minecraft:jump":5334,"minecraft:walk_on_water_one_cm":38577,"minecraft:play_one_minute":7121328,"minecraft:sleep_in_bed":1,"minecraft:open_enderchest":2,"minecraft:damage_dealt":2335,"minecraft:crouch_one_cm":572861,"minecraft:inspect_dispenser":1,"minecraft:horse_one_cm":34432,"minecraft:mob_kills":28,"minecraft:fill_cauldron":5,"minecraft:climb_one_cm":5210,"minecraft:walk_one_cm":3823515,"minecraft:sneak_time":260630,"minecraft:walk_under_water_one_cm":54999,"minecraft:boat_one_cm":13326,"minecraft:time_since_rest":2183889,"minecraft:damage_taken":327,"minecraft:fly_one_cm":46838311,"minecraft:open_chest":37,"minecraft:aviate_one_cm":43925,"minecraft:fall_one_cm":267}},"DataVersion":1963}