{"stats":{"minecraft:dropped":{"minecraft:gravel":1,"minecraft:dark_oak_door":6,"minecraft:farmland":1,"minecraft:nether_brick_slab":5,"minecraft:bricks":7,"minecraft:brick_wall":1,"minecraft:wheat_seeds":8,"minecraft:oak_log":2,"minecraft:smooth_stone_slab":5,"minecraft:smooth_sandstone_stairs":1,"minecraft:end_stone_brick_slab":2,"minecraft:lime_terracotta":1,"minecraft:grass_path":3,"minecraft:jungle_planks":1,"minecraft:stone_slab":2,"minecraft:end_stone_brick_wall":1,"minecraft:glass_pane":6,"minecraft:grass_block":7,"minecraft:item_frame":2,"minecraft:polished_andesite":1,"minecraft:spruce_leaves":1,"minecraft:cyan_terracotta":2,"minecraft:filled_map":47,"minecraft:sandstone_wall":1,"minecraft:cobweb":1,"minecraft:dirt":1,"minecraft:stone":3,"minecraft:cornflower":1,"minecraft:wooden_axe":5,"minecraft:white_concrete":1,"minecraft:glowstone":5,"minecraft:cut_sandstone":2,"minecraft:iron_door":2,"minecraft:birch_door":1,"minecraft:oak_sapling":2,"minecraft:map":4,"minecraft:stone_bricks":2,"minecraft:bone_meal":2,"minecraft:iron_bars":3,"minecraft:end_stone_bricks":1,"minecraft:black_concrete":1,"minecraft:smooth_stone":8,"minecraft:white_concrete_powder":3,"minecraft:brick_slab":1,"minecraft:smooth_sandstone":3,"minecraft:black_stained_glass":1,"minecraft:oak_leaves":2,"minecraft:dandelion":5},"minecraft:custom":{"minecraft:mob_kills":6,"minecraft:play_one_minute":1057698,"minecraft:leave_game":16,"minecraft:time_since_death":312916,"minecraft:time_since_rest":312960,"minecraft:sprint_one_cm":1665448,"minecraft:damage_taken":1000,"minecraft:walk_one_cm":1021591,"minecraft:drop":171,"minecraft:fly_one_cm":11997945,"minecraft:crouch_one_cm":63090,"minecraft:deaths":1,"minecraft:sneak_time":49021,"minecraft:jump":930,"minecraft:walk_on_water_one_cm":43},"minecraft:mined":{"minecraft:oak_sapling":1},"minecraft:picked_up":{"minecraft:wooden_axe":1,"minecraft:azure_bluet":2,"minecraft:stone_slab":1,"minecraft:filled_map":11,"minecraft:oak_log":1,"minecraft:cornflower":2,"minecraft:smooth_stone_slab":1,"minecraft:item_frame":4,"minecraft:smooth_sandstone":1,"minecraft:glass_pane":1,"minecraft:wheat_seeds":20,"minecraft:poppy":1,"minecraft:dark_oak_door":3,"minecraft:stick":1,"minecraft:dandelion":5,"minecraft:grass_path":2,"minecraft:jungle_planks":1,"minecraft:brick_slab":1,"minecraft:white_concrete_powder":1,"minecraft:glowstone":2,"minecraft:oak_sapling":5,"minecraft:bricks":1,"minecraft:iron_bars":1,"minecraft:oxeye_daisy":1},"minecraft:killed":{"minecraft:villager":6},"minecraft:used":{"minecraft:trident":108,"minecraft:carrot_on_a_stick":11,"minecraft:ender_pearl":22,"minecraft:crossbow":2,"minecraft:golden_shovel":207,"minecraft:dark_oak_door":3,"minecraft:map":10,"minecraft:item_frame":1,"minecraft:glowstone":1,"minecraft:bow":83,"minecraft:oak_sapling":12,"minecraft:air":15107,"minecraft:bone_meal":69}},"DataVersion":1963}